<annotation>
	<folder>images</folder>
	<filename>receipt24.jpg</filename>
	<path>C:\Users\HP\Documents\Capstone\dataset\images\receipt24.jpg</path>
	<source>
		<database>Unknown</database>
	</source>
	<size>
		<width>750</width>
		<height>1000</height>
		<depth>3</depth>
	</size>
	<segmented>0</segmented>
	<object>
		<name>total</name>
		<pose>Unspecified</pose>
		<truncated>0</truncated>
		<difficult>0</difficult>
		<bndbox>
			<xmin>227</xmin>
			<ymin>618</ymin>
			<xmax>585</xmax>
			<ymax>667</ymax>
		</bndbox>
	</object>
</annotation>
