<annotation>
	<folder>images</folder>
	<filename>receipt18.jpg</filename>
	<path>C:\Users\HP\Documents\Capstone\dataset\images\receipt18.jpg</path>
	<source>
		<database>Unknown</database>
	</source>
	<size>
		<width>750</width>
		<height>1000</height>
		<depth>3</depth>
	</size>
	<segmented>0</segmented>
	<object>
		<name>total</name>
		<pose>Unspecified</pose>
		<truncated>0</truncated>
		<difficult>0</difficult>
		<bndbox>
			<xmin>262</xmin>
			<ymin>687</ymin>
			<xmax>591</xmax>
			<ymax>762</ymax>
		</bndbox>
	</object>
</annotation>
