<annotation>
	<folder>images</folder>
	<filename>receipt206.jpg</filename>
	<path>C:\Users\HP\Documents\Capstone\dataset\images\receipt206.jpg</path>
	<source>
		<database>Unknown</database>
	</source>
	<size>
		<width>548</width>
		<height>721</height>
		<depth>3</depth>
	</size>
	<segmented>0</segmented>
	<object>
		<name>total</name>
		<pose>Unspecified</pose>
		<truncated>0</truncated>
		<difficult>0</difficult>
		<bndbox>
			<xmin>35</xmin>
			<ymin>617</ymin>
			<xmax>488</xmax>
			<ymax>702</ymax>
		</bndbox>
	</object>
</annotation>
