<annotation>
	<folder>images</folder>
	<filename>receipt159.jpg</filename>
	<path>C:\Users\HP\Documents\Capstone\dataset\images\receipt159.jpg</path>
	<source>
		<database>Unknown</database>
	</source>
	<size>
		<width>576</width>
		<height>576</height>
		<depth>3</depth>
	</size>
	<segmented>0</segmented>
	<object>
		<name>total</name>
		<pose>Unspecified</pose>
		<truncated>0</truncated>
		<difficult>0</difficult>
		<bndbox>
			<xmin>84</xmin>
			<ymin>397</ymin>
			<xmax>425</xmax>
			<ymax>422</ymax>
		</bndbox>
	</object>
</annotation>
