<annotation>
	<folder>images</folder>
	<filename>receipt141.jpg</filename>
	<path>C:\Users\HP\Documents\Capstone\dataset\images\receipt141.jpg</path>
	<source>
		<database>Unknown</database>
	</source>
	<size>
		<width>1048</width>
		<height>1506</height>
		<depth>3</depth>
	</size>
	<segmented>0</segmented>
	<object>
		<name>total</name>
		<pose>Unspecified</pose>
		<truncated>0</truncated>
		<difficult>0</difficult>
		<bndbox>
			<xmin>68</xmin>
			<ymin>727</ymin>
			<xmax>959</xmax>
			<ymax>803</ymax>
		</bndbox>
	</object>
</annotation>
