<annotation>
	<folder>images</folder>
	<filename>receipt64.jpg</filename>
	<path>C:\Users\HP\Documents\Capstone\dataset\images\receipt64.jpg</path>
	<source>
		<database>Unknown</database>
	</source>
	<size>
		<width>300</width>
		<height>400</height>
		<depth>3</depth>
	</size>
	<segmented>0</segmented>
	<object>
		<name>total</name>
		<pose>Unspecified</pose>
		<truncated>0</truncated>
		<difficult>0</difficult>
		<bndbox>
			<xmin>58</xmin>
			<ymin>334</ymin>
			<xmax>205</xmax>
			<ymax>348</ymax>
		</bndbox>
	</object>
</annotation>
