<annotation>
	<folder>images</folder>
	<filename>receipt197.jpg</filename>
	<path>C:\Users\HP\Documents\Capstone\dataset\images\receipt197.jpg</path>
	<source>
		<database>Unknown</database>
	</source>
	<size>
		<width>348</width>
		<height>348</height>
		<depth>3</depth>
	</size>
	<segmented>0</segmented>
	<object>
		<name>total</name>
		<pose>Unspecified</pose>
		<truncated>0</truncated>
		<difficult>0</difficult>
		<bndbox>
			<xmin>37</xmin>
			<ymin>303</ymin>
			<xmax>276</xmax>
			<ymax>320</ymax>
		</bndbox>
	</object>
</annotation>
