<annotation>
	<folder>images</folder>
	<filename>receipt207.jpg</filename>
	<path>C:\Users\HP\Documents\Capstone\dataset\images\receipt207.jpg</path>
	<source>
		<database>Unknown</database>
	</source>
	<size>
		<width>2048</width>
		<height>2048</height>
		<depth>3</depth>
	</size>
	<segmented>0</segmented>
	<object>
		<name>total</name>
		<pose>Unspecified</pose>
		<truncated>0</truncated>
		<difficult>0</difficult>
		<bndbox>
			<xmin>531</xmin>
			<ymin>634</ymin>
			<xmax>1190</xmax>
			<ymax>691</ymax>
		</bndbox>
	</object>
</annotation>
