<annotation>
	<folder>images</folder>
	<filename>receipt209.jpg</filename>
	<path>C:\Users\HP\Documents\Capstone\dataset\images\receipt209.jpg</path>
	<source>
		<database>Unknown</database>
	</source>
	<size>
		<width>2048</width>
		<height>2048</height>
		<depth>3</depth>
	</size>
	<segmented>0</segmented>
	<object>
		<name>total</name>
		<pose>Unspecified</pose>
		<truncated>0</truncated>
		<difficult>0</difficult>
		<bndbox>
			<xmin>480</xmin>
			<ymin>667</ymin>
			<xmax>1199</xmax>
			<ymax>742</ymax>
		</bndbox>
	</object>
</annotation>
