<annotation>
	<folder>images</folder>
	<filename>receipt89.jpg</filename>
	<path>C:\Users\HP\Documents\Capstone\dataset\images\receipt89.jpg</path>
	<source>
		<database>Unknown</database>
	</source>
	<size>
		<width>258</width>
		<height>258</height>
		<depth>3</depth>
	</size>
	<segmented>0</segmented>
	<object>
		<name>total</name>
		<pose>Unspecified</pose>
		<truncated>0</truncated>
		<difficult>0</difficult>
		<bndbox>
			<xmin>192</xmin>
			<ymin>178</ymin>
			<xmax>239</xmax>
			<ymax>189</ymax>
		</bndbox>
	</object>
</annotation>
