<annotation>
	<folder>images</folder>
	<filename>receipt140.jpg</filename>
	<path>C:\Users\HP\Documents\Capstone\dataset\images\receipt140.jpg</path>
	<source>
		<database>Unknown</database>
	</source>
	<size>
		<width>512</width>
		<height>512</height>
		<depth>3</depth>
	</size>
	<segmented>0</segmented>
	<object>
		<name>total</name>
		<pose>Unspecified</pose>
		<truncated>0</truncated>
		<difficult>0</difficult>
		<bndbox>
			<xmin>117</xmin>
			<ymin>374</ymin>
			<xmax>458</xmax>
			<ymax>408</ymax>
		</bndbox>
	</object>
</annotation>
