<annotation>
	<folder>images</folder>
	<filename>receipt176.jpg</filename>
	<path>C:\Users\HP\Documents\Capstone\dataset\images\receipt176.jpg</path>
	<source>
		<database>Unknown</database>
	</source>
	<size>
		<width>943</width>
		<height>1809</height>
		<depth>3</depth>
	</size>
	<segmented>0</segmented>
	<object>
		<name>total</name>
		<pose>Unspecified</pose>
		<truncated>0</truncated>
		<difficult>0</difficult>
		<bndbox>
			<xmin>29</xmin>
			<ymin>1026</ymin>
			<xmax>930</xmax>
			<ymax>1120</ymax>
		</bndbox>
	</object>
</annotation>
