<annotation>
	<folder>images</folder>
	<filename>receipt47.jpg</filename>
	<path>C:\Users\HP\Documents\Capstone\dataset\images\receipt47.jpg</path>
	<source>
		<database>Unknown</database>
	</source>
	<size>
		<width>300</width>
		<height>400</height>
		<depth>3</depth>
	</size>
	<segmented>0</segmented>
	<object>
		<name>total</name>
		<pose>Unspecified</pose>
		<truncated>0</truncated>
		<difficult>0</difficult>
		<bndbox>
			<xmin>105</xmin>
			<ymin>276</ymin>
			<xmax>225</xmax>
			<ymax>293</ymax>
		</bndbox>
	</object>
</annotation>
