<annotation>
	<folder>images</folder>
	<filename>receipt195.jpg</filename>
	<path>C:\Users\HP\Documents\Capstone\dataset\images\receipt195.jpg</path>
	<source>
		<database>Unknown</database>
	</source>
	<size>
		<width>253</width>
		<height>450</height>
		<depth>3</depth>
	</size>
	<segmented>0</segmented>
	<object>
		<name>total</name>
		<pose>Unspecified</pose>
		<truncated>0</truncated>
		<difficult>0</difficult>
		<bndbox>
			<xmin>78</xmin>
			<ymin>256</ymin>
			<xmax>214</xmax>
			<ymax>275</ymax>
		</bndbox>
	</object>
</annotation>
