<annotation>
	<folder>images</folder>
	<filename>receipt185.jpg</filename>
	<path>C:\Users\HP\Documents\Capstone\dataset\images\receipt185.jpg</path>
	<source>
		<database>Unknown</database>
	</source>
	<size>
		<width>1174</width>
		<height>1390</height>
		<depth>3</depth>
	</size>
	<segmented>0</segmented>
	<object>
		<name>total</name>
		<pose>Unspecified</pose>
		<truncated>0</truncated>
		<difficult>0</difficult>
		<bndbox>
			<xmin>392</xmin>
			<ymin>1234</ymin>
			<xmax>1144</xmax>
			<ymax>1311</ymax>
		</bndbox>
	</object>
</annotation>
