<annotation>
	<folder>images</folder>
	<filename>receipt377.jpg</filename>
	<path>C:\Users\HP\Documents\Capstone\dataset\images\receipt377.jpg</path>
	<source>
		<database>Unknown</database>
	</source>
	<size>
		<width>416</width>
		<height>416</height>
		<depth>3</depth>
	</size>
	<segmented>0</segmented>
	<object>
		<name>total</name>
		<pose>Unspecified</pose>
		<truncated>0</truncated>
		<difficult>0</difficult>
		<bndbox>
			<xmin>169</xmin>
			<ymin>283</ymin>
			<xmax>356</xmax>
			<ymax>316</ymax>
		</bndbox>
	</object>
</annotation>
