<annotation>
	<folder>images</folder>
	<filename>receipt170.jpg</filename>
	<path>C:\Users\HP\Documents\Capstone\dataset\images\receipt170.jpg</path>
	<source>
		<database>Unknown</database>
	</source>
	<size>
		<width>338</width>
		<height>450</height>
		<depth>3</depth>
	</size>
	<segmented>0</segmented>
	<object>
		<name>total</name>
		<pose>Unspecified</pose>
		<truncated>0</truncated>
		<difficult>0</difficult>
		<bndbox>
			<xmin>11</xmin>
			<ymin>356</ymin>
			<xmax>275</xmax>
			<ymax>383</ymax>
		</bndbox>
	</object>
</annotation>
