<annotation>
	<folder>images</folder>
	<filename>receipt174.jpg</filename>
	<path>C:\Users\HP\Documents\Capstone\dataset\images\receipt174.jpg</path>
	<source>
		<database>Unknown</database>
	</source>
	<size>
		<width>562</width>
		<height>1000</height>
		<depth>3</depth>
	</size>
	<segmented>0</segmented>
	<object>
		<name>total</name>
		<pose>Unspecified</pose>
		<truncated>0</truncated>
		<difficult>0</difficult>
		<bndbox>
			<xmin>212</xmin>
			<ymin>648</ymin>
			<xmax>472</xmax>
			<ymax>694</ymax>
		</bndbox>
	</object>
</annotation>
