<annotation>
	<folder>images</folder>
	<filename>receipt160.jpg</filename>
	<path>C:\Users\HP\Documents\Capstone\dataset\images\receipt160.jpg</path>
	<source>
		<database>Unknown</database>
	</source>
	<size>
		<width>300</width>
		<height>400</height>
		<depth>3</depth>
	</size>
	<segmented>0</segmented>
	<object>
		<name>total</name>
		<pose>Unspecified</pose>
		<truncated>0</truncated>
		<difficult>0</difficult>
		<bndbox>
			<xmin>123</xmin>
			<ymin>277</ymin>
			<xmax>250</xmax>
			<ymax>302</ymax>
		</bndbox>
	</object>
</annotation>
