<annotation>
	<folder>images</folder>
	<filename>receipt91.jpg</filename>
	<path>C:\Users\HP\Documents\Capstone\dataset\images\receipt91.jpg</path>
	<source>
		<database>Unknown</database>
	</source>
	<size>
		<width>1000</width>
		<height>1000</height>
		<depth>3</depth>
	</size>
	<segmented>0</segmented>
	<object>
		<name>total</name>
		<pose>Unspecified</pose>
		<truncated>0</truncated>
		<difficult>0</difficult>
		<bndbox>
			<xmin>195</xmin>
			<ymin>762</ymin>
			<xmax>738</xmax>
			<ymax>805</ymax>
		</bndbox>
	</object>
</annotation>
