<annotation>
	<folder>images</folder>
	<filename>receipt345.jpg</filename>
	<path>C:\Users\HP\Documents\Capstone\dataset\images\receipt345.jpg</path>
	<source>
		<database>Unknown</database>
	</source>
	<size>
		<width>416</width>
		<height>416</height>
		<depth>1</depth>
	</size>
	<segmented>0</segmented>
	<object>
		<name>total</name>
		<pose>Unspecified</pose>
		<truncated>0</truncated>
		<difficult>0</difficult>
		<bndbox>
			<xmin>20</xmin>
			<ymin>224</ymin>
			<xmax>389</xmax>
			<ymax>286</ymax>
		</bndbox>
	</object>
</annotation>
