<annotation>
	<folder>images</folder>
	<filename>receipt309.jpg</filename>
	<path>C:\Users\HP\Documents\Capstone\dataset\images\receipt309.jpg</path>
	<source>
		<database>Unknown</database>
	</source>
	<size>
		<width>416</width>
		<height>416</height>
		<depth>3</depth>
	</size>
	<segmented>0</segmented>
	<object>
		<name>total</name>
		<pose>Unspecified</pose>
		<truncated>0</truncated>
		<difficult>0</difficult>
		<bndbox>
			<xmin>90</xmin>
			<ymin>270</ymin>
			<xmax>367</xmax>
			<ymax>343</ymax>
		</bndbox>
	</object>
</annotation>
