<annotation>
	<folder>images</folder>
	<filename>receipt131.jpg</filename>
	<path>C:\Users\HP\Documents\Capstone\dataset\images\receipt131.jpg</path>
	<source>
		<database>Unknown</database>
	</source>
	<size>
		<width>750</width>
		<height>1000</height>
		<depth>3</depth>
	</size>
	<segmented>0</segmented>
	<object>
		<name>total</name>
		<pose>Unspecified</pose>
		<truncated>0</truncated>
		<difficult>0</difficult>
		<bndbox>
			<xmin>230</xmin>
			<ymin>531</ymin>
			<xmax>646</xmax>
			<ymax>584</ymax>
		</bndbox>
	</object>
</annotation>
