<annotation>
	<folder>images</folder>
	<filename>receipt281.jpg</filename>
	<path>C:\Users\HP\Documents\Capstone\dataset\images\receipt281.jpg</path>
	<source>
		<database>Unknown</database>
	</source>
	<size>
		<width>416</width>
		<height>416</height>
		<depth>3</depth>
	</size>
	<segmented>0</segmented>
	<object>
		<name>total</name>
		<pose>Unspecified</pose>
		<truncated>1</truncated>
		<difficult>0</difficult>
		<bndbox>
			<xmin>2</xmin>
			<ymin>312</ymin>
			<xmax>374</xmax>
			<ymax>416</ymax>
		</bndbox>
	</object>
</annotation>
