<annotation>
	<folder>images</folder>
	<filename>receipt157.jpg</filename>
	<path>C:\Users\HP\Documents\Capstone\dataset\images\receipt157.jpg</path>
	<source>
		<database>Unknown</database>
	</source>
	<size>
		<width>309</width>
		<height>550</height>
		<depth>3</depth>
	</size>
	<segmented>0</segmented>
	<object>
		<name>total</name>
		<pose>Unspecified</pose>
		<truncated>1</truncated>
		<difficult>0</difficult>
		<bndbox>
			<xmin>1</xmin>
			<ymin>358</ymin>
			<xmax>303</xmax>
			<ymax>391</ymax>
		</bndbox>
	</object>
</annotation>
