<annotation>
	<folder>images</folder>
	<filename>receipt14.jpg</filename>
	<path>C:\Users\HP\Documents\Capstone\dataset\images\receipt14.jpg</path>
	<source>
		<database>Unknown</database>
	</source>
	<size>
		<width>582</width>
		<height>1000</height>
		<depth>1</depth>
	</size>
	<segmented>0</segmented>
	<object>
		<name>total</name>
		<pose>Unspecified</pose>
		<truncated>0</truncated>
		<difficult>0</difficult>
		<bndbox>
			<xmin>56</xmin>
			<ymin>571</ymin>
			<xmax>525</xmax>
			<ymax>609</ymax>
		</bndbox>
	</object>
</annotation>
