<annotation>
	<folder>images</folder>
	<filename>receipt147.jpg</filename>
	<path>C:\Users\HP\Documents\Capstone\dataset\images\receipt147.jpg</path>
	<source>
		<database>Unknown</database>
	</source>
	<size>
		<width>348</width>
		<height>348</height>
		<depth>3</depth>
	</size>
	<segmented>0</segmented>
	<object>
		<name>total</name>
		<pose>Unspecified</pose>
		<truncated>1</truncated>
		<difficult>0</difficult>
		<bndbox>
			<xmin>1</xmin>
			<ymin>287</ymin>
			<xmax>303</xmax>
			<ymax>320</ymax>
		</bndbox>
	</object>
</annotation>
