<annotation>
	<folder>images</folder>
	<filename>receipt282.jpg</filename>
	<path>C:\Users\HP\Documents\Capstone\dataset\images\receipt282.jpg</path>
	<source>
		<database>Unknown</database>
	</source>
	<size>
		<width>416</width>
		<height>416</height>
		<depth>3</depth>
	</size>
	<segmented>0</segmented>
	<object>
		<name>total</name>
		<pose>Unspecified</pose>
		<truncated>0</truncated>
		<difficult>0</difficult>
		<bndbox>
			<xmin>7</xmin>
			<ymin>338</ymin>
			<xmax>404</xmax>
			<ymax>387</ymax>
		</bndbox>
	</object>
</annotation>
