<annotation>
	<folder>images</folder>
	<filename>receipt100.jpg</filename>
	<path>C:\Users\HP\Documents\Capstone\dataset\images\receipt100.jpg</path>
	<source>
		<database>Unknown</database>
	</source>
	<size>
		<width>750</width>
		<height>1000</height>
		<depth>3</depth>
	</size>
	<segmented>0</segmented>
	<object>
		<name>total</name>
		<pose>Unspecified</pose>
		<truncated>0</truncated>
		<difficult>0</difficult>
		<bndbox>
			<xmin>104</xmin>
			<ymin>715</ymin>
			<xmax>596</xmax>
			<ymax>751</ymax>
		</bndbox>
	</object>
</annotation>
