<annotation>
	<folder>images</folder>
	<filename>receipt188.jpg</filename>
	<path>C:\Users\HP\Documents\Capstone\dataset\images\receipt188.jpg</path>
	<source>
		<database>Unknown</database>
	</source>
	<size>
		<width>1024</width>
		<height>1365</height>
		<depth>3</depth>
	</size>
	<segmented>0</segmented>
	<object>
		<name>total</name>
		<pose>Unspecified</pose>
		<truncated>0</truncated>
		<difficult>0</difficult>
		<bndbox>
			<xmin>22</xmin>
			<ymin>747</ymin>
			<xmax>908</xmax>
			<ymax>829</ymax>
		</bndbox>
	</object>
</annotation>
