<annotation>
	<folder>images</folder>
	<filename>receipt205.jpg</filename>
	<path>C:\Users\HP\Documents\Capstone\dataset\images\receipt205.jpg</path>
	<source>
		<database>Unknown</database>
	</source>
	<size>
		<width>548</width>
		<height>721</height>
		<depth>3</depth>
	</size>
	<segmented>0</segmented>
	<object>
		<name>total</name>
		<pose>Unspecified</pose>
		<truncated>0</truncated>
		<difficult>0</difficult>
		<bndbox>
			<xmin>9</xmin>
			<ymin>609</ymin>
			<xmax>457</xmax>
			<ymax>712</ymax>
		</bndbox>
	</object>
</annotation>
