<annotation>
	<folder>images</folder>
	<filename>receipt204.jpg</filename>
	<path>C:\Users\HP\Documents\Capstone\dataset\images\receipt204.jpg</path>
	<source>
		<database>Unknown</database>
	</source>
	<size>
		<width>548</width>
		<height>721</height>
		<depth>3</depth>
	</size>
	<segmented>0</segmented>
	<object>
		<name>total</name>
		<pose>Unspecified</pose>
		<truncated>0</truncated>
		<difficult>0</difficult>
		<bndbox>
			<xmin>3</xmin>
			<ymin>627</ymin>
			<xmax>423</xmax>
			<ymax>709</ymax>
		</bndbox>
	</object>
</annotation>
