<annotation>
	<folder>images</folder>
	<filename>receipt390.jpg</filename>
	<path>C:\Users\HP\Documents\Capstone\dataset\images\receipt390.jpg</path>
	<source>
		<database>Unknown</database>
	</source>
	<size>
		<width>416</width>
		<height>416</height>
		<depth>3</depth>
	</size>
	<segmented>0</segmented>
	<object>
		<name>total</name>
		<pose>Unspecified</pose>
		<truncated>1</truncated>
		<difficult>0</difficult>
		<bndbox>
			<xmin>76</xmin>
			<ymin>294</ymin>
			<xmax>416</xmax>
			<ymax>332</ymax>
		</bndbox>
	</object>
</annotation>
