<annotation>
	<folder>images</folder>
	<filename>receipt54.jpg</filename>
	<path>C:\Users\HP\Documents\Capstone\dataset\images\receipt54.jpg</path>
	<source>
		<database>Unknown</database>
	</source>
	<size>
		<width>348</width>
		<height>348</height>
		<depth>3</depth>
	</size>
	<segmented>0</segmented>
	<object>
		<name>total</name>
		<pose>Unspecified</pose>
		<truncated>1</truncated>
		<difficult>0</difficult>
		<bndbox>
			<xmin>24</xmin>
			<ymin>327</ymin>
			<xmax>344</xmax>
			<ymax>348</ymax>
		</bndbox>
	</object>
</annotation>
