<annotation>
	<folder>images</folder>
	<filename>receipt179.jpg</filename>
	<path>C:\Users\HP\Documents\Capstone\dataset\images\receipt179.jpg</path>
	<source>
		<database>Unknown</database>
	</source>
	<size>
		<width>338</width>
		<height>450</height>
		<depth>3</depth>
	</size>
	<segmented>0</segmented>
	<object>
		<name>total</name>
		<pose>Unspecified</pose>
		<truncated>0</truncated>
		<difficult>0</difficult>
		<bndbox>
			<xmin>69</xmin>
			<ymin>314</ymin>
			<xmax>289</xmax>
			<ymax>336</ymax>
		</bndbox>
	</object>
</annotation>
