<annotation>
	<folder>images</folder>
	<filename>receipt211.jpg</filename>
	<path>C:\Users\HP\Documents\Capstone\dataset\images\receipt211.jpg</path>
	<source>
		<database>Unknown</database>
	</source>
	<size>
		<width>516</width>
		<height>764</height>
		<depth>3</depth>
	</size>
	<segmented>0</segmented>
	<object>
		<name>total</name>
		<pose>Unspecified</pose>
		<truncated>0</truncated>
		<difficult>0</difficult>
		<bndbox>
			<xmin>4</xmin>
			<ymin>672</ymin>
			<xmax>393</xmax>
			<ymax>752</ymax>
		</bndbox>
	</object>
</annotation>
