<annotation>
	<folder>images</folder>
	<filename>receipt267.jpg</filename>
	<path>C:\Users\HP\Documents\Capstone\dataset\images\receipt267.jpg</path>
	<source>
		<database>Unknown</database>
	</source>
	<size>
		<width>416</width>
		<height>416</height>
		<depth>3</depth>
	</size>
	<segmented>0</segmented>
	<object>
		<name>total</name>
		<pose>Unspecified</pose>
		<truncated>0</truncated>
		<difficult>0</difficult>
		<bndbox>
			<xmin>80</xmin>
			<ymin>271</ymin>
			<xmax>311</xmax>
			<ymax>330</ymax>
		</bndbox>
	</object>
</annotation>
