<annotation>
	<folder>images</folder>
	<filename>receipt46.jpg</filename>
	<path>C:\Users\HP\Documents\Capstone\dataset\images\receipt46.jpg</path>
	<source>
		<database>Unknown</database>
	</source>
	<size>
		<width>250</width>
		<height>250</height>
		<depth>3</depth>
	</size>
	<segmented>0</segmented>
	<object>
		<name>total</name>
		<pose>Unspecified</pose>
		<truncated>0</truncated>
		<difficult>0</difficult>
		<bndbox>
			<xmin>79</xmin>
			<ymin>133</ymin>
			<xmax>199</xmax>
			<ymax>151</ymax>
		</bndbox>
	</object>
</annotation>
