<annotation>
	<folder>images</folder>
	<filename>receipt97.jpg</filename>
	<path>C:\Users\HP\Documents\Capstone\dataset\images\receipt97.jpg</path>
	<source>
		<database>Unknown</database>
	</source>
	<size>
		<width>1000</width>
		<height>750</height>
		<depth>3</depth>
	</size>
	<segmented>0</segmented>
	<object>
		<name>total</name>
		<pose>Unspecified</pose>
		<truncated>0</truncated>
		<difficult>0</difficult>
		<bndbox>
			<xmin>303</xmin>
			<ymin>637</ymin>
			<xmax>833</xmax>
			<ymax>699</ymax>
		</bndbox>
	</object>
</annotation>
