<annotation>
	<folder>images</folder>
	<filename>receipt152.jpg</filename>
	<path>C:\Users\HP\Documents\Capstone\dataset\images\receipt152.jpg</path>
	<source>
		<database>Unknown</database>
	</source>
	<size>
		<width>3024</width>
		<height>4032</height>
		<depth>3</depth>
	</size>
	<segmented>0</segmented>
	<object>
		<name>total</name>
		<pose>Unspecified</pose>
		<truncated>0</truncated>
		<difficult>0</difficult>
		<bndbox>
			<xmin>396</xmin>
			<ymin>1920</ymin>
			<xmax>2068</xmax>
			<ymax>2084</ymax>
		</bndbox>
	</object>
</annotation>
