<annotation>
	<folder>images</folder>
	<filename>receipt178.jpg</filename>
	<path>C:\Users\HP\Documents\Capstone\dataset\images\receipt178.jpg</path>
	<source>
		<database>Unknown</database>
	</source>
	<size>
		<width>450</width>
		<height>450</height>
		<depth>3</depth>
	</size>
	<segmented>0</segmented>
	<object>
		<name>total</name>
		<pose>Unspecified</pose>
		<truncated>0</truncated>
		<difficult>0</difficult>
		<bndbox>
			<xmin>13</xmin>
			<ymin>298</ymin>
			<xmax>445</xmax>
			<ymax>339</ymax>
		</bndbox>
	</object>
</annotation>
