<annotation>
	<folder>images</folder>
	<filename>receipt43.jpg</filename>
	<path>C:\Users\HP\Documents\Capstone\dataset\images\receipt43.jpg</path>
	<source>
		<database>Unknown</database>
	</source>
	<size>
		<width>250</width>
		<height>250</height>
		<depth>3</depth>
	</size>
	<segmented>0</segmented>
	<object>
		<name>total</name>
		<pose>Unspecified</pose>
		<truncated>0</truncated>
		<difficult>0</difficult>
		<bndbox>
			<xmin>37</xmin>
			<ymin>155</ymin>
			<xmax>206</xmax>
			<ymax>178</ymax>
		</bndbox>
	</object>
</annotation>
