<annotation>
	<folder>images</folder>
	<filename>receipt266.jpg</filename>
	<path>C:\Users\HP\Documents\Capstone\dataset\images\receipt266.jpg</path>
	<source>
		<database>Unknown</database>
	</source>
	<size>
		<width>416</width>
		<height>416</height>
		<depth>3</depth>
	</size>
	<segmented>0</segmented>
	<object>
		<name>total</name>
		<pose>Unspecified</pose>
		<truncated>0</truncated>
		<difficult>0</difficult>
		<bndbox>
			<xmin>106</xmin>
			<ymin>273</ymin>
			<xmax>338</xmax>
			<ymax>335</ymax>
		</bndbox>
	</object>
</annotation>
