<annotation>
	<folder>images</folder>
	<filename>receipt146.jpg</filename>
	<path>C:\Users\HP\Documents\Capstone\dataset\images\receipt146.jpg</path>
	<source>
		<database>Unknown</database>
	</source>
	<size>
		<width>337</width>
		<height>450</height>
		<depth>3</depth>
	</size>
	<segmented>0</segmented>
	<object>
		<name>total</name>
		<pose>Unspecified</pose>
		<truncated>0</truncated>
		<difficult>0</difficult>
		<bndbox>
			<xmin>64</xmin>
			<ymin>391</ymin>
			<xmax>310</xmax>
			<ymax>414</ymax>
		</bndbox>
	</object>
</annotation>
