<annotation>
	<folder>images</folder>
	<filename>receipt76.jpg</filename>
	<path>C:\Users\HP\Documents\Capstone\dataset\images\receipt76.jpg</path>
	<source>
		<database>Unknown</database>
	</source>
	<size>
		<width>750</width>
		<height>1000</height>
		<depth>3</depth>
	</size>
	<segmented>0</segmented>
	<object>
		<name>total</name>
		<pose>Unspecified</pose>
		<truncated>0</truncated>
		<difficult>0</difficult>
		<bndbox>
			<xmin>49</xmin>
			<ymin>582</ymin>
			<xmax>676</xmax>
			<ymax>665</ymax>
		</bndbox>
	</object>
</annotation>
