<annotation>
	<folder>images</folder>
	<filename>receipt201.jpg</filename>
	<path>C:\Users\HP\Documents\Capstone\dataset\images\receipt201.jpg</path>
	<source>
		<database>Unknown</database>
	</source>
	<size>
		<width>2048</width>
		<height>2048</height>
		<depth>3</depth>
	</size>
	<segmented>0</segmented>
	<object>
		<name>total</name>
		<pose>Unspecified</pose>
		<truncated>0</truncated>
		<difficult>0</difficult>
		<bndbox>
			<xmin>482</xmin>
			<ymin>956</ymin>
			<xmax>1358</xmax>
			<ymax>1130</ymax>
		</bndbox>
	</object>
</annotation>
