<annotation>
	<folder>images</folder>
	<filename>receipt172.jpg</filename>
	<path>C:\Users\HP\Documents\Capstone\dataset\images\receipt172.jpg</path>
	<source>
		<database>Unknown</database>
	</source>
	<size>
		<width>480</width>
		<height>640</height>
		<depth>3</depth>
	</size>
	<segmented>0</segmented>
	<object>
		<name>total</name>
		<pose>Unspecified</pose>
		<truncated>0</truncated>
		<difficult>0</difficult>
		<bndbox>
			<xmin>111</xmin>
			<ymin>468</ymin>
			<xmax>410</xmax>
			<ymax>512</ymax>
		</bndbox>
	</object>
</annotation>
