<annotation>
	<folder>images</folder>
	<filename>receipt202.jpg</filename>
	<path>C:\Users\HP\Documents\Capstone\dataset\images\receipt202.jpg</path>
	<source>
		<database>Unknown</database>
	</source>
	<size>
		<width>2048</width>
		<height>2048</height>
		<depth>3</depth>
	</size>
	<segmented>0</segmented>
	<object>
		<name>total</name>
		<pose>Unspecified</pose>
		<truncated>0</truncated>
		<difficult>0</difficult>
		<bndbox>
			<xmin>456</xmin>
			<ymin>1020</ymin>
			<xmax>1311</xmax>
			<ymax>1109</ymax>
		</bndbox>
	</object>
</annotation>
