<annotation>
	<folder>images</folder>
	<filename>receipt198.jpg</filename>
	<path>C:\Users\HP\Documents\Capstone\dataset\images\receipt198.jpg</path>
	<source>
		<database>Unknown</database>
	</source>
	<size>
		<width>338</width>
		<height>450</height>
		<depth>3</depth>
	</size>
	<segmented>0</segmented>
	<object>
		<name>total</name>
		<pose>Unspecified</pose>
		<truncated>0</truncated>
		<difficult>0</difficult>
		<bndbox>
			<xmin>27</xmin>
			<ymin>300</ymin>
			<xmax>301</xmax>
			<ymax>327</ymax>
		</bndbox>
	</object>
</annotation>
