<annotation>
	<folder>images</folder>
	<filename>receipt21.jpg</filename>
	<path>C:\Users\HP\Documents\Capstone\dataset\images\receipt21.jpg</path>
	<source>
		<database>Unknown</database>
	</source>
	<size>
		<width>348</width>
		<height>348</height>
		<depth>3</depth>
	</size>
	<segmented>0</segmented>
	<object>
		<name>total</name>
		<pose>Unspecified</pose>
		<truncated>0</truncated>
		<difficult>0</difficult>
		<bndbox>
			<xmin>67</xmin>
			<ymin>243</ymin>
			<xmax>281</xmax>
			<ymax>276</ymax>
		</bndbox>
	</object>
</annotation>
