<annotation>
	<folder>images</folder>
	<filename>receipt75.jpg</filename>
	<path>C:\Users\HP\Documents\Capstone\dataset\images\receipt75.jpg</path>
	<source>
		<database>Unknown</database>
	</source>
	<size>
		<width>300</width>
		<height>400</height>
		<depth>3</depth>
	</size>
	<segmented>0</segmented>
	<object>
		<name>total</name>
		<pose>Unspecified</pose>
		<truncated>0</truncated>
		<difficult>0</difficult>
		<bndbox>
			<xmin>73</xmin>
			<ymin>207</ymin>
			<xmax>252</xmax>
			<ymax>223</ymax>
		</bndbox>
	</object>
</annotation>
