<annotation>
	<folder>images</folder>
	<filename>receipt194.jpg</filename>
	<path>C:\Users\HP\Documents\Capstone\dataset\images\receipt194.jpg</path>
	<source>
		<database>Unknown</database>
	</source>
	<size>
		<width>348</width>
		<height>348</height>
		<depth>3</depth>
	</size>
	<segmented>0</segmented>
	<object>
		<name>total</name>
		<pose>Unspecified</pose>
		<truncated>0</truncated>
		<difficult>0</difficult>
		<bndbox>
			<xmin>104</xmin>
			<ymin>271</ymin>
			<xmax>279</xmax>
			<ymax>288</ymax>
		</bndbox>
	</object>
</annotation>
