<annotation>
	<folder>images</folder>
	<filename>receipt55.jpg</filename>
	<path>C:\Users\HP\Documents\Capstone\dataset\images\receipt55.jpg</path>
	<source>
		<database>Unknown</database>
	</source>
	<size>
		<width>300</width>
		<height>400</height>
		<depth>3</depth>
	</size>
	<segmented>0</segmented>
	<object>
		<name>total</name>
		<pose>Unspecified</pose>
		<truncated>0</truncated>
		<difficult>0</difficult>
		<bndbox>
			<xmin>44</xmin>
			<ymin>208</ymin>
			<xmax>221</xmax>
			<ymax>229</ymax>
		</bndbox>
	</object>
</annotation>
