<annotation>
	<folder>images</folder>
	<filename>receipt346.jpg</filename>
	<path>C:\Users\HP\Documents\Capstone\dataset\images\receipt346.jpg</path>
	<source>
		<database>Unknown</database>
	</source>
	<size>
		<width>416</width>
		<height>416</height>
		<depth>1</depth>
	</size>
	<segmented>0</segmented>
	<object>
		<name>total</name>
		<pose>Unspecified</pose>
		<truncated>0</truncated>
		<difficult>0</difficult>
		<bndbox>
			<xmin>45</xmin>
			<ymin>225</ymin>
			<xmax>361</xmax>
			<ymax>277</ymax>
		</bndbox>
	</object>
</annotation>
