<annotation>
	<folder>images</folder>
	<filename>receipt165.jpg</filename>
	<path>C:\Users\HP\Documents\Capstone\dataset\images\receipt165.jpg</path>
	<source>
		<database>Unknown</database>
	</source>
	<size>
		<width>640</width>
		<height>640</height>
		<depth>3</depth>
	</size>
	<segmented>0</segmented>
	<object>
		<name>total</name>
		<pose>Unspecified</pose>
		<truncated>0</truncated>
		<difficult>0</difficult>
		<bndbox>
			<xmin>163</xmin>
			<ymin>349</ymin>
			<xmax>415</xmax>
			<ymax>380</ymax>
		</bndbox>
	</object>
</annotation>
