<annotation>
	<folder>images</folder>
	<filename>receipt336.jpg</filename>
	<path>C:\Users\HP\Documents\Capstone\dataset\images\receipt336.jpg</path>
	<source>
		<database>Unknown</database>
	</source>
	<size>
		<width>416</width>
		<height>416</height>
		<depth>1</depth>
	</size>
	<segmented>0</segmented>
	<object>
		<name>total</name>
		<pose>Unspecified</pose>
		<truncated>0</truncated>
		<difficult>0</difficult>
		<bndbox>
			<xmin>32</xmin>
			<ymin>223</ymin>
			<xmax>366</xmax>
			<ymax>259</ymax>
		</bndbox>
	</object>
</annotation>
