<annotation>
	<folder>images</folder>
	<filename>receipt70.jpg</filename>
	<path>C:\Users\HP\Documents\Capstone\dataset\images\receipt70.jpg</path>
	<source>
		<database>Unknown</database>
	</source>
	<size>
		<width>348</width>
		<height>348</height>
		<depth>3</depth>
	</size>
	<segmented>0</segmented>
	<object>
		<name>total</name>
		<pose>Unspecified</pose>
		<truncated>0</truncated>
		<difficult>0</difficult>
		<bndbox>
			<xmin>243</xmin>
			<ymin>307</ymin>
			<xmax>332</xmax>
			<ymax>333</ymax>
		</bndbox>
	</object>
</annotation>
