<annotation>
	<folder>images</folder>
	<filename>receipt221.jpg</filename>
	<path>C:\Users\HP\Documents\Capstone\dataset\images\receipt221.jpg</path>
	<source>
		<database>Unknown</database>
	</source>
	<size>
		<width>416</width>
		<height>416</height>
		<depth>3</depth>
	</size>
	<segmented>0</segmented>
	<object>
		<name>total</name>
		<pose>Unspecified</pose>
		<truncated>0</truncated>
		<difficult>0</difficult>
		<bndbox>
			<xmin>88</xmin>
			<ymin>283</ymin>
			<xmax>390</xmax>
			<ymax>344</ymax>
		</bndbox>
	</object>
</annotation>
