<annotation>
	<folder>images</folder>
	<filename>receipt114.jpg</filename>
	<path>C:\Users\HP\Documents\Capstone\dataset\images\receipt114.jpg</path>
	<source>
		<database>Unknown</database>
	</source>
	<size>
		<width>1000</width>
		<height>903</height>
		<depth>3</depth>
	</size>
	<segmented>0</segmented>
	<object>
		<name>total</name>
		<pose>Unspecified</pose>
		<truncated>0</truncated>
		<difficult>0</difficult>
		<bndbox>
			<xmin>167</xmin>
			<ymin>561</ymin>
			<xmax>658</xmax>
			<ymax>635</ymax>
		</bndbox>
	</object>
</annotation>
